[
    { "id":1,  "Cust_Id":"C01234", "Date_Join":"19/02/2023", "Cust_Name": "Munaroh Steffani",  "Location":"India"},
    { "id":2,  "Cust_Id":"C01235", "Date_Join":"20/03/2023", "Cust_Name": "Geovanny Anderson", "Location":"London " },
    { "id":3,  "Cust_Id":"C01236", "Date_Join":"21/04/2023", "Cust_Name": "Louis Ali",  "Location":"Afghanistan" },
    { "id":4,  "Cust_Id":"C01237", "Date_Join":"22/05/2023", "Cust_Name": "Marquezz", "Location":"Belgium" },
    { "id":5,  "Cust_Id":"C01238", "Date_Join":"23/06/2023", "Cust_Name": "Richard ", "Location":"Colombia" },
    { "id":6,  "Cust_Id":"C01239", "Date_Join":"24/07/2023", "Cust_Name": "Andrew Stevano",  "Location":"Czechia"},
    { "id":7,  "Cust_Id":"C01240", "Date_Join":"25/08/2023", "Cust_Name": "Cathenna ",  "Location":"El Salvador"},
    { "id":8,  "Cust_Id":"C01241", "Date_Join":"26/09/2023", "Cust_Name": "Hrisovalantis ",  "Location":"Guatemala"}
] 


